{
  "name": "angular-dropzone",
  "version": "0.1.2",
  "homepage": "https://github.com/sandbochs/angular-dropzone",
  "authors": [
    "Elliot Shiu <elliot@sandbochs.com>"
  ],
  "description": "angular-dropzone is a AngularJS directive for Dropzone.js",
  "main": "lib/angular-dropzone.js",
  "keywords": [
    "angular-dropzone",
    "ng-dropzone",
    "dropzone.js",
    "dropzone"
  ],
  "dependencies": {
    "dropzone": "~3.10.2"
  },
  "license": "MIT",
  "ignore": [
    "**/.*",
    "test"
  ],
  "_release": "0.1.2",
  "_resolution": {
    "type": "version",
    "tag": "0.1.2",
    "commit": "390bb19b83a3afe4af014ba3e124f3029af79435"
  },
  "_source": "https://github.com/sandbochs/angular-dropzone.git",
  "_target": "^0.1.2",
  "_originalSource": "angular-dropzone"
}