{
  "name": "angular-spinners",
  "version": "3.1.2",
  "authors": [
    "Alex Ford <alex.ford@codetunnel.com>"
  ],
  "main": [
    "dist/angular-spinners.min.js"
  ],
  "license": "MIT",
  "ignore": [
    "**/.*",
    "node_modules",
    "bower_components",
    "test",
    "tests"
  ],
  "homepage": "https://github.com/codetunnel/angular-spinners",
  "_release": "3.1.2",
  "_resolution": {
    "type": "version",
    "tag": "v3.1.2",
    "commit": "b83ce1454d8268c42567716448428bc4d124a490"
  },
  "_source": "https://github.com/codetunnel/angular-spinners.git",
  "_target": "^3.1.2",
  "_originalSource": "angular-spinners"
}