{
  "main": "dist/angular-swing.min.js",
  "name": "angular-swing",
  "description": "AngularJS directive for Swing: A swipeable cards interface. The swipe-left/swipe-right for yes/no input. As seen in apps like Jelly and Tinder.",
  "license": "BSD-3-Clause",
  "authors": [
    "Gajus Kuizinas <gk@anuary.com>"
  ],
  "keywords": [
    "swipe",
    "cards",
    "swipeable"
  ],
  "devDependencies": {
    "angular": "~1.4.7"
  },
  "homepage": "https://github.com/gajus/angular-swing",
  "_release": "d48b756616",
  "_resolution": {
    "type": "branch",
    "branch": "master",
    "commit": "d48b7566166bd5bf1cd9191e31af0b32b2386f1a"
  },
  "_source": "https://github.com/gajus/angular-swing.git",
  "_target": "*",
  "_originalSource": "angular-swing"
}